order_id,customer_id,product_id,order_date,quantity,discount,payment_method,rating,returned_flag
O0001,C001,P001,2025-01-04,2,0,UPI,5,N
O0002,C002,P002,2025-02-07,2,10,COD,5,N
O0003,C003,P003,2025-03-10,1,20,COD,5,N
O0004,C004,P004,2025-04-13,2,15,upi,5,N
O0005,C005,P005,2025-05-16,4,10,CARD,5,N
O0006,C006,P006,2025-06-19,4,10,Card,2,N
O0007,C007,P007,2025-07-22,2,5,COD,5,N
O0008,C008,P008,2025-08-25,3,20,CARD,3,Y
O0009,C009,P009,2025-09-28,4,10,UPI,1,N
O0010,C010,P010,2025-10-03,1,20,CARD,2,N
O0011,C011,P011,2025-11-06,3,5,CARD,4,N
O0012,C012,P012,2025-12-09,1,0,UPI,5,N
O0013,C013,P013,2025-01-12,3,10,upi,3,N
O0014,C014,P014,2025-02-15,4,20,CARD,1,N
O0015,C015,P015,2025-03-18,1,10,CARD,1,N
O0016,C016,P016,2025-04-21,1,10,upi,5,Y
O0017,C017,P001,2025-05-24,4,10,upi,4,N
O0018,C018,P002,2025-06-27,3,,COD,4,N
O0019,C019,P003,2025-07-02,3,5,UPI,1,N
O0020,C020,P004,2025-08-05,4,0,cod,,N
O0021,C021,P005,2025-09-08,3,5,upi,2,N
O0022,C022,P006,2025-10-11,4,15,CARD,1,N
O0023,C023,P007,2025-11-14,2,15,CARD,5,N
O0024,C024,P008,2025-12-17,3,5,CARD,5,Y
O0025,C025,P009,2025-01-20,3,15,Card,4,N
O0026,C026,P010,2025-02-23,2,5,COD,2,N
O0027,C027,P011,2025-03-26,2,5,upi,2,N
O0028,C028,P012,2025-04-01,1,15,UPI,2,N
O0029,C029,P013,2025-05-04,3,10,COD,2,N
O0030,C030,P014,2025-06-07,4,20,Card,5,N
O0031,C031,P015,2025-07-10,3,5,upi,5,N
O0032,C032,P016,2025-08-13,1,15,upi,5,Y
O0033,C033,P001,2025-09-16,4,15,CARD,4,N
O0034,C034,P002,2025-10-19,1,15,upi,4,N
O0035,C035,P003,2025-11-22,1,5,COD,2,N
O0036,C036,P004,2025-12-25,4,,cod,1,N
O0037,C037,P005,2025-01-28,3,20,COD,1,N
O0038,C038,P006,2025-02-03,1,20,cod,5,N
O0039,C039,P007,2025-03-06,1,10,UPI,1,N
O0040,C040,P008,2025-04-09,1,5,UPI,,Y
O0041,C041,P009,2025-05-12,4,5,upi,3,N
O0042,C042,P010,2025-06-15,3,20,Card,4,N
O0043,C043,P011,2025-07-18,1,0,CARD,4,N
O0044,C044,P012,2025-08-21,4,15,Card,1,N
O0045,C045,P013,2025-09-24,2,0,upi,3,N
O0046,C001,P014,2025-10-27,3,15,upi,2,N
O0047,C002,P015,2025-11-02,1,5,UPI,3,N
O0048,C003,P016,2025-12-05,2,20,COD,5,Y
O0049,C004,P001,2025-01-08,3,0,upi,3,N
O0050,C005,P002,2025-02-11,3,5,Card,2,N
O0051,C006,P003,2025-03-14,3,5,UPI,2,N
O0052,C007,P004,2025-04-17,2,15,upi,2,N
O0053,C008,P005,2025-05-20,2,20,CARD,3,N
O0054,C009,P006,2025-06-23,1,,COD,3,N
O0055,C010,P007,2025-07-26,4,10,cod,5,N
O0056,C011,P008,2025-08-01,3,15,upi,3,Y
O0057,C012,P009,2025-09-04,3,0,cod,1,N
O0058,C013,P010,2025-10-07,2,15,cod,3,N
O0059,C014,P011,2025-11-10,2,15,UPI,5,N
O0060,C015,P012,2025-12-13,1,15,upi,,N
O0061,C016,P013,2025-01-16,3,0,upi,1,N
O0062,C017,P014,2025-02-19,4,5,CARD,2,N
O0063,C018,P015,2025-03-22,4,10,COD,4,N
O0064,C019,P016,2025-04-25,4,15,upi,1,Y
O0065,C020,P001,2025-05-28,2,5,cod,1,N
O0066,C021,P002,2025-06-03,2,20,CARD,2,N
O0067,C022,P003,2025-07-06,4,10,cod,5,N
O0068,C023,P004,2025-08-09,2,0,COD,1,N
O0069,C024,P005,2025-09-12,2,15,cod,2,N
O0070,C025,P006,2025-10-15,1,10,cod,3,N
O0071,C026,P007,2025-11-18,2,20,Card,3,N
O0072,C027,P008,2025-12-21,4,,cod,1,Y
O0073,C028,P009,2025-01-24,3,15,upi,5,N
O0074,C029,P010,2025-02-27,4,20,cod,5,N
O0075,C030,P011,2025-03-02,2,20,UPI,1,N
O0076,C031,P012,2025-04-05,4,5,UPI,1,N
O0077,C032,P013,2025-05-08,2,5,cod,4,N
O0078,C033,P014,2025-06-11,1,20,COD,3,N
O0079,C034,P015,2025-07-14,4,0,UPI,1,N
O0080,C035,P016,2025-08-17,2,5,Card,,Y
O0081,C036,P001,2025-09-20,1,0,UPI,4,N
O0082,C037,P002,2025-10-23,1,0,CARD,3,N
O0083,C038,P003,2025-11-26,2,10,CARD,5,N
O0084,C039,P004,2025-12-01,4,20,cod,5,N
O0085,C040,P005,2025-01-04,3,20,cod,4,N
O0086,C041,P006,2025-02-07,2,15,COD,4,N
O0087,C042,P007,2025-03-10,4,10,COD,2,N
O0088,C043,P008,2025-04-13,4,0,cod,3,Y
O0089,C044,P009,2025-05-16,1,5,upi,3,N
O0090,C045,P010,2025-06-19,2,,Card,2,N
O0091,C001,P011,2025-07-22,4,5,upi,1,N
O0092,C002,P012,2025-08-25,4,15,cod,2,N
O0093,C003,P013,2025-09-28,2,15,UPI,4,N
O0094,C004,P014,2025-10-03,3,15,cod,3,N
O0095,C005,P015,2025-11-06,3,0,upi,3,N
O0096,C006,P016,2025-12-09,1,10,UPI,4,Y
O0097,C007,P001,2025-01-12,4,0,CARD,3,N
O0098,C008,P002,2025-02-15,3,20,COD,1,N
O0099,C009,P003,2025-03-18,2,0,COD,3,N
O0100,C010,P004,2025-04-21,3,0,cod,,N
O0101,C011,P005,2025-05-24,3,5,CARD,3,N
O0102,C012,P006,2025-06-27,4,5,UPI,5,N
O0103,C013,P007,2025-07-02,4,10,COD,3,N
O0104,C014,P008,2025-08-05,1,5,CARD,1,Y
O0105,C015,P009,2025-09-08,3,0,upi,1,N
O0106,C016,P010,2025-10-11,3,0,UPI,2,N
O0107,C017,P011,2025-11-14,1,10,COD,4,N
O0108,C018,P012,2025-12-17,1,,Card,5,N
O0109,C019,P013,2025-01-20,4,10,UPI,2,N
O0110,C020,P014,2025-02-23,1,20,upi,2,N
O0111,C021,P015,2025-03-26,1,5,Card,1,N
O0112,C022,P016,2025-04-01,2,5,Card,3,Y
O0113,C023,P001,2025-05-04,2,10,CARD,5,N
O0114,C024,P002,2025-06-07,2,10,Card,1,N
O0115,C025,P003,2025-07-10,3,0,COD,1,N
O0116,C026,P004,2025-08-13,2,20,CARD,2,N
O0117,C027,P005,2025-09-16,4,0,upi,4,N
O0118,C028,P006,2025-10-19,4,20,CARD,5,N
O0119,C029,P007,2025-11-22,3,5,cod,3,N
O0120,C030,P008,2025-12-25,2,5,CARD,,Y
O0121,C031,P009,2025-01-28,3,0,cod,1,N
O0122,C032,P010,2025-02-03,1,10,CARD,2,N
O0123,C033,P011,2025-03-06,1,0,upi,4,N
O0124,C034,P012,2025-04-09,3,20,cod,3,N
O0125,C035,P013,2025-05-12,1,15,cod,2,N
O0126,C036,P014,2025-06-15,3,,CARD,1,N
O0127,C037,P015,2025-07-18,3,10,Card,5,N
O0128,C038,P016,2025-08-21,3,5,COD,3,Y
O0129,C039,P001,2025-09-24,2,10,cod,1,N
O0130,C040,P002,2025-10-27,3,15,COD,4,N
O0131,C041,P003,2025-11-02,3,20,upi,2,N
O0132,C042,P004,2025-12-05,2,20,COD,1,N
O0133,C043,P005,2025-01-08,3,0,cod,4,N
O0134,C044,P006,2025-02-11,1,15,COD,3,N
O0135,C045,P007,2025-03-14,3,5,COD,5,N
O0136,C001,P008,2025-04-17,2,20,CARD,3,Y
O0137,C002,P009,2025-05-20,4,5,Card,5,N
O0138,C003,P010,2025-06-23,2,0,upi,5,N
O0139,C004,P011,2025-07-26,4,20,cod,5,N
O0140,C005,P012,2025-08-01,1,20,upi,,N
O0141,C006,P013,2025-09-04,2,0,COD,1,N
O0142,C007,P014,2025-10-07,2,10,COD,4,N
O0143,C008,P015,2025-11-10,4,20,COD,1,N
O0144,C009,P016,2025-12-13,2,,CARD,3,Y
O0145,C010,P001,2025-01-16,1,15,COD,5,N
O0146,C011,P002,2025-02-19,1,20,COD,4,N
O0147,C012,P003,2025-03-22,3,0,Card,2,N
O0148,C013,P004,2025-04-25,2,5,upi,4,N
O0149,C014,P005,2025-05-28,4,15,COD,4,N
O0150,C015,P006,2025-06-03,3,0,UPI,2,N
O0151,C016,P007,2025-07-06,1,20,cod,3,N
O0152,C017,P008,2025-08-09,3,10,UPI,5,Y
O0153,C018,P009,2025-09-12,2,0,CARD,1,N
O0154,C019,P010,2025-10-15,4,10,upi,1,N
O0155,C020,P011,2025-11-18,2,15,Card,5,N
O0156,C021,P012,2025-12-21,3,15,CARD,4,N
O0157,C022,P013,2025-01-24,1,20,cod,3,N
O0158,C023,P014,2025-02-27,1,15,COD,3,N
O0159,C024,P015,2025-03-02,4,0,UPI,4,N
O0160,C025,P016,2025-04-05,3,15,cod,,Y
O0161,C026,P001,2025-05-08,2,0,UPI,1,N
O0162,C027,P002,2025-06-11,2,,upi,5,N
O0163,C028,P003,2025-07-14,3,10,cod,5,N
O0164,C029,P004,2025-08-17,3,0,upi,3,N
O0165,C030,P005,2025-09-20,2,15,CARD,4,N
O0166,C031,P006,2025-10-23,1,5,COD,4,N
O0167,C032,P007,2025-11-26,4,15,Card,2,N
O0168,C033,P008,2025-12-01,4,10,CARD,3,Y
O0169,C034,P009,2025-01-04,1,10,COD,3,N
O0170,C035,P010,2025-02-07,3,15,COD,2,N
O0171,C036,P011,2025-03-10,1,10,Card,3,N
O0172,C037,P012,2025-04-13,1,15,CARD,5,N
O0173,C038,P013,2025-05-16,1,10,CARD,3,N
O0174,C001,P004,2025-10-15,150,,CARD,5,N
O0175,C002,P014,2025-10-18,220,25,COD,,N
O0013,C013,P013,2025-01-12,3,10,upi,3,N
O0038,C038,P006,2025-02-03,1,20,cod,5,N
O0059,C014,P011,2025-11-10,2,15,UPI,5,N
O0092,C002,P012,2025-08-25,4,15,cod,2,N
O0121,C031,P009,2025-01-28,3,0,cod,1,N
