product_id,product_name,category,price_in_inr
P001,Ubtan Face Wash,Skincare,249
P002,Vitamin C Face Wash,Skincare,299
P003,Tea Tree Face Wash,Skincare,269
P004,Onion Hair Oil,Haircare,399
P005,Onion Shampoo,Haircare,349
P006,Rice Water Shampoo,Haircare,379
P007,Aloe Vera Gel,Skincare,199
P008,Vitamin C Serum,Skincare,599
P009,Charcoal Face Scrub,Skincare,349
P010,Moisturizing Lotion,Bodycare,299
P011,Baby Lotion,Baby Care,249
P012,Baby Shampoo,Baby Care,299
P013,Lip Balm,Personal Care,199
P014,Sunscreen SPF50,Skincare,499
P015,Face Toner,Skincare,399
P016,Beard Oil,Men's Grooming,349
